kitob_id,kitob_nomi,muallif,kategoriya,tavsif,til,nashr_yili,muqova_rasmi_url,kitob_sahifasi_url,pdf_yuklab_olish_url,tur,daraja,sahifalar_soni,reyting,yaratilgan
148036,Бачадон ичи ҳомила инфекцияларини ташхислаш ва даволашни такомиллаштириш.,Ильясов Азизбек Бахтиярович,Tibbiyot va farmasevtika,"Тадқиқотнинг мақсади бачадон ичи ҳомила инфекциясини эрта 
ташхислаш ва даволаш учун ишлаб чиқилган модификацияланган 
технологиянинг самарадорлиги ва хавфсизлигини ўрганишдан иборат.",Rus,2026,https://api.ziyonet.uz/images/default/default_cover.png,https://library.ziyonet.uz/book/148036,https://api.ziyonet.uz/uploads/books/10012851/p50TAlNmEGuZhuW.pdf,Avtoreferat,Oliy o‘quv yurtidan keyingi ta‘lim,52,0.0,20.07.2026
148035,Одатланган ҳомиладорликни кўтара олмасликда эндометрийнинг морфофункционал хусусиятлари.,Ахророва Шахноза Отабек қизи,Tibbiyot va farmasevtika,"Тадқиқотнинг мақсади қалқонсимон без гипофункцияси бўлган 
аёлларда одатланган ҳомиладорликни кўтара олмаслик билан боғлиқ 
эндометрий рецептивлигининг асосий морфофункционал хусусиятларини 
аниқлашдан иборат.",Rus,2026,https://api.ziyonet.uz/images/default/default_cover.png,https://library.ziyonet.uz/book/148035,https://api.ziyonet.uz/uploads/books/10012851/ExfaL2yIw9uzfyO.pdf,Avtoreferat,Oliy o‘quv yurtidan keyingi ta‘lim,52,0.0,20.07.2026
148034,Yuqori likvidli va monopol mahsulotlar bozorini tartibga solishning moliyaviykredit mexanizmini takomillashtirish.,Ummatov Bekzod Xamzayevich,Iqtisod va boshqaruv,"Tadqiqotning maqsadi Yuqori likvidli va monopol mahsulotlar bozorini tartibga solishning moliyaviy-kredit mexanizmini takomillashtirishga qaratilgan 
taklif va tavsiyalar ishlab chiqishdan iborat.",O'zbek,2026,https://api.ziyonet.uz/images/default/default_cover.png,https://library.ziyonet.uz/book/148034,https://api.ziyonet.uz/uploads/books/10012851/0LVAKGYm0qf25By.pdf,Avtoreferat,Oliy o‘quv yurtidan keyingi ta‘lim,52,0.0,20.07.2026
148033,Dialogning ilmiy ijodiy faoliyatga ta’siri va uni modellashtirishning falsafiy metodologik jihatlari.,Maxkamov Ulug‘bek Abdugapporovich,Falsafa,"Tadqiqotning maqsadi dialogning transformativ, kognitiv, germenevtik, 
aksiologik va pragmatik mexanizmlarining ilmiy-ijodiy faoliyatda yangilik 
yaratish, ma’no shakllantirish va bilimlar rekonstruksiyasini modellashtirishning 
universal metodologik omili sifatidagi falsafiy-metodologik jihatlari ochib berishdan iborat.",O'zbek,2026,https://api.ziyonet.uz/images/default/default_cover.png,https://library.ziyonet.uz/book/148033,https://api.ziyonet.uz/uploads/books/10012851/LrJZXNM15FDSySA.pdf,Avtoreferat,Oliy o‘quv yurtidan keyingi ta‘lim,52,0.0,20.07.2026
148032,Ўпканинг сурункали обструктив касаллиги қандли диабет билан коморбидликда кечганда буйраклар дисфункциясини баҳолаш.,Шокирова Гулнозахон Кадиржановна,Tibbiyot va farmasevtika,"Тадқиқотнинг мақсади. Ўпканинг сурункали обструктив касаллиги қандли диабет билан коморбидликда кечганда буйраклар функционал ҳолати 
ва каналчалар зарарланиши маркерлари билан Клото оқсили орасидаги 
боғлиқликни ўрганиш.",Rus,2026,https://api.ziyonet.uz/images/default/default_cover.png,https://library.ziyonet.uz/book/148032,https://api.ziyonet.uz/uploads/books/10012851/rnOAgnqjyTVYSFp.pdf,Avtoreferat,Oliy o‘quv yurtidan keyingi ta‘lim,52,0.0,20.07.2026
148031,COVID-19 билан оғриган кекса беморларда сурункали юрак етишмовчилиги ва бўлмачалар фибрилляциясининг клиник хусусиятлари ва даволаниш натижалари.,Авазбеков Бегижон Адхамжон ўғли,Tibbiyot va farmasevtika,"Тадқиқот мақсади. Кекса ёшли беморларда СЮЕ ва БФ COVID-19 ўтказган ва ўтказмаган ҳолларда клиник, инструментал ва биокимёвий 
кўрсаткичларини баҳолаш, уларнинг ўзаро боғлиқлигини аниқлаш ҳамда юқори хавф гуруҳларини ажратиб, индивидуал профилактика-реабилитация 
чораларини ишлаб чиқиш.",Rus,2026,https://api.ziyonet.uz/images/default/default_cover.png,https://library.ziyonet.uz/book/148031,https://api.ziyonet.uz/uploads/books/10012851/NsTEK1mShb5C9dA.pdf,Avtoreferat,Oliy o‘quv yurtidan keyingi ta‘lim,52,0.0,20.07.2026
148030,Xorazm shoirlari asarlari tilida intertekstuallik.,Sabirova Gulnoza Xidirbayevna,Filologiya,"Tadqiqotning maqsadi intertekstuallik hodisasining Xorazm she’riy 
matnlardagi rolini belgilash, Xorazm she’riy matnlarining mazmuniy idrokida 
intertekstuallikni yuzaga keltiruvchi til birliklarining o‘rnini ochib berishdan 
iborat.",O'zbek,2026,https://api.ziyonet.uz/images/default/default_cover.png,https://library.ziyonet.uz/book/148030,https://api.ziyonet.uz/uploads/books/10012851/0zJTjFx080wsSth.pdf,Avtoreferat,Oliy o‘quv yurtidan keyingi ta‘lim,52,0.0,20.07.2026
148029,Ingliz va o‘zbek tillarida fonologik/fonetik sath birliklari paradigmalarini shakllantirishda belgi gradatsiyasining voqelanishi.,Azimova Dilobarxon Berdiali qizi,Filologiya,"Tadqiqotning maqsadi hozirgi zamon ingliz va o‘zbek tillarida lisoniy belgi gradatsiyasining fonologik/fonetik sath birliklari paradigmalarini shakllantirishi 
jihatlarini ochib berishdan iborat.",O'zbek,2026,https://api.ziyonet.uz/images/default/default_cover.png,https://library.ziyonet.uz/book/148029,https://api.ziyonet.uz/uploads/books/10012851/5mf0JLMvao1N1PA.pdf,Avtoreferat,Oliy o‘quv yurtidan keyingi ta‘lim,52,0.0,20.07.2026
148028,Vertebrogen dorsalgiyalarni tashxislash va davolashda ultratovush tekshiruvining o‘rnini takomillashtirish.,Akilova Iparxan Galipovna,Tibbiyot va farmasevtika,"Tadqiqotning maqsadi — bel-dumg‘aza bo‘limi ultratovush tekshiruvining 
«qizil bayroqlar»siz vertebrogen dorsalgiyali bemorlarni yo‘naltirish algoritmidagi birlamchi diagnostik filtr sifatidagi rolini asoslash; bunda 
standartlashtirilgan polipozitsion protokol ishlab chiqish, uning diagnostik 
samaradorligini referens modallarga nisbatan valid qilish va klinik-sonografik 
stratifikatsiyani asoslash.",O'zbek,2026,https://api.ziyonet.uz/images/default/default_cover.png,https://library.ziyonet.uz/book/148028,https://api.ziyonet.uz/uploads/books/10012851/yijb4osTHmt1ZHN.pdf,Avtoreferat,Oliy o‘quv yurtidan keyingi ta‘lim,52,0.0,20.07.2026
148027,Tirik ipak qurti gʻumbagini jonsizlantirish va quritish uchun kombinatsiyalashgan qurilmani takomillashtirish.,Zulponov Shovqiddin Oʻrozalievich,Texnika va texnologiyalar,"Tadqiqotning maqsadi tirik ipak qurti g‘umbagini jonsizlantirish va quritish 
uchun kombinatsiyalashgan qurilmani takomillashtirishdan iborat.",O'zbek,2026,https://api.ziyonet.uz/images/default/default_cover.png,https://library.ziyonet.uz/book/148027,https://api.ziyonet.uz/uploads/books/10012851/iUk62xAMntx5pgU.pdf,Avtoreferat,Oliy o‘quv yurtidan keyingi ta‘lim,52,0.0,20.07.2026
148026,Ёрғоқ органларининг йирингли-деструктив касалликлари бўлган беморларнинг клиник ва иммунологик хусусиятлари ва даволаш усулларини оптималлаштириш,Раҳимов Фарруҳ Фарҳод ўғли,Tibbiyot va farmasevtika,Тадқиқотнинг  мақсади  ёрғоқ  органларининг  йирингли-деструктив касалликлари бўлган беморларнинг клиник ва иммунологик хусусиятлари ва даволаш усулларини оптималлаштиришдан иборат.,Rus,2026,https://api.ziyonet.uz/images/default/default_cover.png,https://library.ziyonet.uz/book/148026,https://api.ziyonet.uz/uploads/books/10012852/wGf4azURxQhnD8l.pdf,Avtoreferat,Oliy o‘quv yurtidan keyingi ta‘lim,52,0.0,20.07.2026
148025,Ikki fazali erituvchi muhitida kalsiy va rux stearatlarni olish texnologiyasini ishlab chiqish va qo’llash,Yaxshikulov Iskandar Safarovich,Texnika va texnologiyalar,Tadqiqotning  maqsadi:  ikki  fazali  erituvchi  muhitida  kalsiy  va  rux stearatlarni  olishning  iqtisodiy  samarador  texnologiyasini  ishlab  chiqish  va qoʻllashdan iborat.,O'zbek,2026,https://api.ziyonet.uz/images/default/default_cover.png,https://library.ziyonet.uz/book/148025,https://api.ziyonet.uz/uploads/books/10012852/3AmIdUvkb9Tm0kK.pdf,Avtoreferat,Oliy o‘quv yurtidan keyingi ta‘lim,52,0.0,20.07.2026
148024,Beton qorishmalari uchun polikarboksilat superplastifikatorini ishlab va qo‘llash.,Ismailov Feruz Sabirovich,Texnika va texnologiyalar,"Tadqiqotning  maqsadi  polikarboksilat  superplastifikatorini  sintez  qilish, superplastifikatorini olish texnologiyasini ishlab chiqish va sement-qorishmalarida qo’llashdan iborat.",O'zbek,2026,https://api.ziyonet.uz/images/default/default_cover.png,https://library.ziyonet.uz/book/148024,https://api.ziyonet.uz/uploads/books/10012852/wmYjKTeZNb6BIxp.pdf,Avtoreferat,Oliy o‘quv yurtidan keyingi ta‘lim,52,0.0,20.07.2026
148023,Suv chiqarish inshootlari byeflari tutashishida oqim energiyasini so‘ndirishni ilmiy va eksperimental asoslash,Norqulov Bahodir Musulmanovich,Texnika va texnologiyalar,Tadqiqotning  maqsadi  suv  chiqarish  inshootlari  byeflari  tutashishida  oqim energiyasini so‘ndirishni ilmiy va eksperimental asoslashdan iborat.,O'zbek,2026,https://api.ziyonet.uz/images/default/default_cover.png,https://library.ziyonet.uz/book/148023,https://api.ziyonet.uz/uploads/books/10012852/nLKEebhEwraMNLe.pdf,Avtoreferat,Oliy o‘quv yurtidan keyingi ta‘lim,52,0.0,20.07.2026
148022,Бетон билан қопланган ўзанларнинг гидравлик қаршилиги ва ўтказувчанлик қобилияти,Салимбаева Иқболой Дильшод Қизи,Texnika va texnologiyalar,Тадқиқотнинг  мақсади:  Ўзани  бетон  билан  қопланган  каналларнинг гидравлик қаршилиги ва ўтказувчанлик қобилияти инобатга олиб баҳолаш.,Rus,2026,https://api.ziyonet.uz/images/default/default_cover.png,https://library.ziyonet.uz/book/148022,https://api.ziyonet.uz/uploads/books/10012852/UfhjaTurOLexbiB.pdf,Avtoreferat,Oliy o‘quv yurtidan keyingi ta‘lim,52,0.0,20.07.2026
148021,"Oftalmologik kasalliklarni erta tashxislash va davolashda raqamli texnologiyalar, sun’iy intellekt hamda teleoftalmologiyaning klinik-amaliy ahamiyati","Yu.Dj.Parmankulova, B.Z.Umarova, B.B.G‘ulomidinov",Tibbiyot va farmasevtika,"Ushbu monografiyada oftalmologik kasalliklarni erta aniqlash, klinik kuzatuv va davolashni rejalashtirishda raqamli texnologiyalar, sun’iy intellekt hamda teleoftalmologiya yondashuvlarining klinik-amaliy ahamiyati tizimli tahlil qilingan. Fundus fotografiya, optik kogerent tomografiya, optik kogerent tomografik angiografiya, raqamli perimetriya, elektron tibbiy karta, bulutli arxiv va klinik qarorlarni qo‘llab-quvvatlash tizimlari oftalmologik amaliyotning muhim elementlari sifatida ko‘rib chiqilgan.",O'zbek,2026,https://api.ziyonet.uz/images/default/default_cover.png,https://library.ziyonet.uz/book/148021,https://api.ziyonet.uz/uploads/books/10003819/9VGkMQBoWSNNaNJ.pdf,Monografiya,Oliy ta‘lim,113,0.0,20.07.2026
148020,Qurilishda kichik va yirik biznes subyektlari integratsiyasi samaradorligini oshirishning metodologik asoslari,Axmedova Nilufar Shuxratovna,Iqtisod va boshqaruv,Tadqiqotning  maqsadi  Qurilish  sohasida  kichik  va  yirik  biznes  subyektlari integratsiyasi  samaradorligini  oshirishning  nazariy-uslubiy  asoslarini takomillashtirishdan iborat.,O'zbek,2026,https://api.ziyonet.uz/images/default/default_cover.png,https://library.ziyonet.uz/book/148020,https://api.ziyonet.uz/uploads/books/10012852/oqh22EBIIHXxonA.pdf,Avtoreferat,Oliy o‘quv yurtidan keyingi ta‘lim,52,0.0,20.07.2026
148019,Kiberzoʻravonlikka qarshi kiberxavfsizlikni taʼminlashning mafkuraviy ahamiyati.,Usmonov Saidikromxoʻja Saidaliyevich,Falsafa,"Tadqiqotning  maqsadi  kiberzoʻravonlik  va  kiberxavfsizlik  gʻoyalarining shakllanishi,  rivojlanish  qonuniyatlari,  ularning  jamiyat  maʼnaviy  hayoti  va mafkuraviy  jarayonlariga  taʼsirini,  kiber  makonda  shaxs  va  jamiyat  xavfsizligini taʼminlashning  mafkuraviy  asoslarini  ochib  berish  va  samarali  profilaktika mexanizmlarini ishlab chiqishdan iborat.",O'zbek,2026,https://api.ziyonet.uz/images/default/default_cover.png,https://library.ziyonet.uz/book/148019,https://api.ziyonet.uz/uploads/books/10005547/Ajh7xfwtoIbkVfv.pdf,Avtoreferat,Oliy o‘quv yurtidan keyingi ta‘lim,52,0.0,20.07.2026
148018,Oʻzbek texnik terminlarini standartlashtirish va yagona terminologik bazasini yaratishning ilmiy-amaliy asoslari,Xashimova Xurshida Djuraxanovna,Filologiya,"Tadqiqotning  maqsadi  oʻzbek  texnik  terminologiyasini  ilmiy  asosda standartlashtirish,  terminlarni  yagona  mezonlar  tizimi  asosida  tartibga  solish bo‘yicha  tavsiyalar  berish  hamda  zamonaviy  axborot-texnologik  yondashuvlar asosida  yagona  elektron  terminologik  bazani  yaratishning  nazariy  va  amaliy asoslarini ishlab chiqishdan iborat.",O'zbek,2026,https://api.ziyonet.uz/images/default/default_cover.png,https://library.ziyonet.uz/book/148018,https://api.ziyonet.uz/uploads/books/10005547/3lwmTkj2DpFnFix.pdf,Avtoreferat,Oliy o‘quv yurtidan keyingi ta‘lim,52,0.0,20.07.2026
148017,Toshkent viloyati baliqchilik xo‘jaliklarida yetishtirilayotgan baliq mahsulotlari (tirik baliq) xavfsizligiga ekologik omillarning ta‘sirini baholash.,Titova Natalya Olegovna,Biologiya,Tadqiqotning maqsadi. Karpsimon baliqlarni yetishtirishda ekologik omillar va texnologiyalarning  ularning  hayotiy  jarayonlariga  ta‘sirini  baholash  hamda yetishtirilayotgan baliq mahsulotlari (tirik baliq) xavfsizligini ta‘minlashdan iborat.,O'zbek,2026,https://api.ziyonet.uz/images/default/default_cover.png,https://library.ziyonet.uz/book/148017,https://api.ziyonet.uz/uploads/books/10005547/2EKpLzwURAkFzQw.pdf,Avtoreferat,Oliy o‘quv yurtidan keyingi ta‘lim,52,0.0,20.07.2026
148016,G. Hirsutum L. genotipida xo'jalik belgilari bo'yicha populyatsiya tarkibining gomeostazligini saqlash va joriy etish,Abdurasulov Shuxrat Ergashevich,Biologiya,"G'o'zaning  G.  hirsutum  L.  turichi  chatishtirishlardan olingan tizmasida muhim xo'jalik belgilarining paydo bo'lishida genotip × muhit (G×Y)  ta‘siri  hamda  korrelyatsiyasini  aniqlash  va  populyatsion  tahlil  asosida yaratilgan  yangi  genotipda  xo'jalik  ko'rsatkichlarining  gomeostazligini  saqlash, shuningdek  barqarorligi  irsiy  ta‘minlangan  urug'lik  chigitlarini  yetishtirish  va ishlab chiqarishga tadbiq qilishdan iborat.",O'zbek,2026,https://api.ziyonet.uz/images/default/default_cover.png,https://library.ziyonet.uz/book/148016,https://api.ziyonet.uz/uploads/books/10005547/SDRHCcPPPRgAz5t.pdf,Avtoreferat,Oliy o‘quv yurtidan keyingi ta‘lim,52,0.0,20.07.2026
148015,"Shimoliy-sharqiy O‘zbekistonning Puccinia (Pucciniaceae) turlari (taksonomiyasi, filogeniyasi va bioekologiyasi)",O‘rinboyev Islomjon Yunusаli o‘g‘li,Biologiya,"Tadqiqotning  maqsadi:  shimoliy-sharqiy O‘zbekistonda tarqalgan  yuksak o‘simliklarda  uchraydigan  Puccinia  turlarini  aniqlash,  taksonomik  tahlil  qilish, bioekologiyasi, filogeniyasi va filogenetik daraxtini ishlab chiqishdan iborat.",O'zbek,2026,https://api.ziyonet.uz/images/default/default_cover.png,https://library.ziyonet.uz/book/148015,https://api.ziyonet.uz/uploads/books/10005547/BrERKlJejIZFcAh.pdf,Avtoreferat,Oliy o‘quv yurtidan keyingi ta‘lim,52,0.0,20.07.2026
148014,Fermionli Fok fazodagi uchinchi tartibli operatorli matritsa muhim spektrining tahlili,Ismoilova Dildora Erkinovna,Tabiiy-ilmiy,Tadqiqotning  maqsadi  panjaradagi  soni  saqlanmaydigan  va  uchtadan oshmaydigan zarrachalar (fermionlar) sistemasiga mos uchinchi tartibli operatorli matritsa  muhim  spektrining  tuzilishini  aniqlash  va  uning  muhim  spektrdan tashqarida joylashgan xos qiymatlarini birinchi Shur to‘ldiruvchisi yordamida tahlil qilishdan iborat.,O'zbek,2026,https://api.ziyonet.uz/images/default/default_cover.png,https://library.ziyonet.uz/book/148014,https://api.ziyonet.uz/uploads/books/10005547/baz8sKT0vAjeowc.pdf,Avtoreferat,Oliy o‘quv yurtidan keyingi ta‘lim,52,0.0,20.07.2026
148013,Polifenilensulfidlar asosida ugleplastlar olish texnologiyasini ishlab chiqish va ularni qo‘llash,Sultonov Oybek Komiljonovich,Texnika va texnologiyalar,"Tadqiqotning  maqsadi  polifenilensulfid  bilan  PAN  tolasi  asosida  yuqori haroratga  barqaror  va  fizik  mexanik  xossalari  yuqori,  ugleplast  olish texnologiyasini ishlab chiqishdan iborat.",O'zbek,2026,https://api.ziyonet.uz/images/default/default_cover.png,https://library.ziyonet.uz/book/148013,https://api.ziyonet.uz/uploads/books/10005547/REYckd3SHmYcrdP.pdf,Avtoreferat,Oliy o‘quv yurtidan keyingi ta‘lim,52,0.0,20.07.2026
148012,Imom Ismoil al-Buxoriyning ma’naviy-axloqiy qarashlaridan pedagogik jarayonda foydalanish,Saidnazarova Gulshan Bolta qizi,Pedagogika,"Tadqiqotning maqsadi Imom Ismoil al-Buxoriyning ma’naviy-axloqiy qarashlarini o‘rganish, ularning tarbiyaviy va pedagogik ahamiyatini ochib berish hamda ularni ta’lim-tarbiya jarayonida samarali qo‘llash yo‘llarini takomillashtirishdan iborat.",O'zbek,2026,https://api.ziyonet.uz/images/default/default_cover.png,https://library.ziyonet.uz/book/148012,https://api.ziyonet.uz/uploads/books/10009804/n0QTrZKyu1WfwZc.pdf,Avtoreferat,Oliy o‘quv yurtidan keyingi ta‘lim,52,0.0,20.07.2026
148011,Tijorat banklari nodepozit moliyaviy resurslarini optimallashtirish,Tangirkulov Bekzod Boxadirovich,Iqtisod va boshqaruv,Tadqiqotning  maqsadi.  Tijorat  banklari  nodepozit  moliyaviy  resurslarini optimallashtirishning nazariy-uslubiy asoslari hamda banklarning kreditlash faoliyatini amalga oshirish uchun zarur resurslarni shakllantirish va boshqarishga qaratilgan taklif va tavsiyalar ishlab chiqishdan iborat.,O'zbek,2026,https://api.ziyonet.uz/images/default/default_cover.png,https://library.ziyonet.uz/book/148011,https://api.ziyonet.uz/uploads/books/10005547/ZoFxBbkLHvt1HqL.pdf,Avtoreferat,Oliy o‘quv yurtidan keyingi ta‘lim,52,0.0,20.07.2026
148010,Корхоналарда рискка асосланган ички аудит ўтказишни такомиллаштириш,Асфандиёрова Шакина Рустам қизи,Iqtisod va boshqaruv,Тадқиқот мақсади корхоналарда рискка асосланган ички аудит ўтказишни такомиллаштириш бўйича илмий таклиф ва амалий тавсиялар ишлаб чиқишдан иборат.,Rus,2026,https://api.ziyonet.uz/images/default/default_cover.png,https://library.ziyonet.uz/book/148010,https://api.ziyonet.uz/uploads/books/10005547/84daItbciHocqzI.pdf,Avtoreferat,Oliy o‘quv yurtidan keyingi ta‘lim,52,0.0,20.07.2026
148009,"Suyuq shishani modifikatsiyalab olovbardosh kompozitsiyalarning olinishi, xossalari va texnologiyasi.",Kamolova Zaynura Mehriddin qizi,Texnika va texnologiyalar,"Tadqiqotning  maqsadi  suyuq  shishani  modifikatsiyalab  olovbardosh kompozitsiyalarning olinishi, xossalari va texnologiyasini ishlab chiqishdan iborat.",O'zbek,2026,https://api.ziyonet.uz/images/default/default_cover.png,https://library.ziyonet.uz/book/148009,https://api.ziyonet.uz/uploads/books/10005547/BB2JJkJ2VUNaAe6.pdf,Avtoreferat,Oliy o‘quv yurtidan keyingi ta‘lim,52,0.0,20.07.2026
148008,O‘zbekistonda oila institutidagi ijtimoiy o‘zgarishlar,Rahmatova Nargiza Akbar qizi,Falsafa,Tadqiqotning  maqsadi  globallashuv  sharoitida  oila  instituti  xarakteridagi oʻzgarishlarning ijtimoiy-falsafiy xususiyatlarini ochib berishdan iborat.,O'zbek,2026,https://api.ziyonet.uz/images/default/default_cover.png,https://library.ziyonet.uz/book/148008,https://api.ziyonet.uz/uploads/books/10005547/syGRzwKjCuPF096.pdf,Avtoreferat,Oliy o‘quv yurtidan keyingi ta‘lim,52,0.0,20.07.2026
148007,Tezlatgich majmualarida keltirilgan radioaktivlik va xodimlarning doza yuklamalari,Xasanov Shaxboz Xasanovich,Fizika,Tadqiqotning maqsadi tezlatgich qurilmalari ish rejimlarida yuzaga keladigan radioaktivlik va doza yuklamalarini tahlil qilish asosida xodimlarning radiatsion xavfsizligini kompleks baholash va optimallashtirishdan iborat.,O'zbek,2026,https://api.ziyonet.uz/uploads/books/1343700/YbyKfpFuH84VX24.jpg,https://library.ziyonet.uz/book/148007,https://api.ziyonet.uz/uploads/books/1343700/fI0lPjGh0YXpZCt.pdf,Avtoreferat,Oliy o‘quv yurtidan keyingi ta‘lim,58,0.0,20.07.2026
148006,Silikat shishada metall oksidlari diffuziyasi,Dexqonov Avazbek Tolibjon O‘g‘li,Fizika,Tadqiqotning maqsadi legirlangan qo‘rg‘oshin silikat shishalarda ruteniy atomlari diffuziyasining elektr o‘tkazuvchanlik hamda termoEYuK koeffitsientiga  ta’sir qilish qonuniyatlarini aniqlashdan iborat.,O'zbek,2026,https://api.ziyonet.uz/uploads/books/1343700/74gOuI2tHza5SzB.jpg,https://library.ziyonet.uz/book/148006,https://api.ziyonet.uz/uploads/books/1343700/XpIA09G5aHsUB9B.pdf,Avtoreferat,Oliy o‘quv yurtidan keyingi ta‘lim,52,0.0,20.07.2026
148005,Semantic analysis of proverbs with the somatic component “head”,Bobokulova Nilufar Xayrullo kizi,Ingliz tili,"This article presents a comparative analysis of proverbs that incorporate the somatic component “head” in both English and Uzbek languages. The study delves into the semantic nuances and cultural contexts of these proverbs, shedding light on their shared themes and language-specific expressions. Through a detailed examination of well-known proverbs in both languages, the article highlights common lessons related to cooperation, composure, rationality, understanding complexity, and accountability. It also underscores the rich tapestry of idiomatic expressions and linguistic variations that reflect the unique cultural values and linguistic nuances of each language. This cross-linguistic exploration of somatic proverbs provides valuable insights into the universal human experiences and the diverse ways in which different cultures convey similar wisdom through metaphorical language. Researchers, linguists, and anyone interested in cross-cultural communication and linguistic analysis will find this article a valuable resource for understanding the depth of meaning embedded in these idiomatic expressions.",O'zbek,2023,https://api.ziyonet.uz/uploads/books/10013258/FhN3PAIbfSEcPCL.jpg,https://library.ziyonet.uz/book/148005,https://api.ziyonet.uz/uploads/books/10013258/nIRANU7PaaKzhP3.pdf,Maqola,Oliy ta‘lim,3,0.0,20.07.2026
148004,Ультратовуш текширувида аниқланган бачадон касалликларининг морфологик жиҳатларини қиёсий тавсифи,Усаров Мухриддин Шухратович,Tibbiyot va farmasevtika,Ишнинг мақсади: бачадон танаси ва бўйин касалликларида ультратовуш текшируви  натижаларини  морфологик  ва  морфометрик  кўрсаткичлар  билан қиёсий баҳолашдан иборат.,Rus,2026,https://api.ziyonet.uz/images/default/default_cover.png,https://library.ziyonet.uz/book/148004,https://api.ziyonet.uz/uploads/books/10005547/kOhhKq1EEHz3vZM.pdf,Avtoreferat,Oliy o‘quv yurtidan keyingi ta‘lim,52,0.0,20.07.2026
148003,Harbiy haydovchilarni tayyorlashda innovatsion yondashuvlar (harbiy haydovchilarni ekstremal vaziyatlarga tayyorlovchi imitasion trenajyori misolida),Sharipov Doston Hasan o'g'li,Tabiiy-ilmiy,"Nafaqat dunyoda ro'y berayotgan gibrid xarakterdagi qurolli to'qnashuvlar tahlili, balki mamlakatimiz tarixida yuz bergan qonli to'qnashuvlar (1999-yil 16-fevral, Sarimoy, Andijon, Nukus voqealari va boshqalar) Qurolli Kuchlarimiz jangovar qobiliyatini yanada oshirishni taqozo etmoqda. Shu bois milliy armiyani zamonaviy texnikalar bilan ta'minlash dolzarbligi ham e'tibordan chetda qolmadi.",O'zbek,2026,https://api.ziyonet.uz/images/default/default_cover.png,https://library.ziyonet.uz/book/148003,https://api.ziyonet.uz/uploads/books/10005547/nuGU4y3f07f17Tv.pdf,Maqola,Oliy ta‘lim,5,0.0,18.07.2026
148002,"Jamoat xavfsizligini ta'minlashda harbiy haydovchilarni ""ekstremal holatlarda avtomashinalarni boshqarish"" moduli asosida kasbiy tayyorgaligini takomillashtirish",Sharipov Doston Hasan o'g'li,Tabiiy-ilmiy,"Bugungi globallashuv davrida jamoat xavfsizligini ta'minlash davlat siyosatining eng ustuvor yo'nalishlaridan biri hisoblanadi. Xavfsizlikni saqlashda harbiy xizmatchilar bilan bir qatorda, harbiy haydovchilarning roli ham alohida ahamiyatga ega.",O'zbek,2026,https://api.ziyonet.uz/images/default/default_cover.png,https://library.ziyonet.uz/book/148002,https://api.ziyonet.uz/uploads/books/10005547/bmVmKFkbjgfuqb5.pdf,Maqola,Oliy ta‘lim,5,0.0,18.07.2026
148001,Yo'l-transport hodisalarini kamaytirishda kayzen jarayoni asosida ekstremal vaziyatlarda harbiy haydovchilarni kasbiy tayyorlashning yo'nalishlari,Sharipov Doston Hasan o'g'li,Tabiiy-ilmiy,"Ekstremal vaziyatlarda (tabiiy ofatlar, texnogen avariyalar, terrorchilik hurujlari, ommaviy tartibsizliklar va h.k.) jamoat xavfsizligini ta'minlashda harbiy haydovchilarning vazifalari bir vaqtning o'zida yo'l harakati qoidalariga rioya etgan holda texnik, taktik va psixologik yo'nalishlarni qamrab oladi.",O'zbek,2026,https://api.ziyonet.uz/images/default/default_cover.png,https://library.ziyonet.uz/book/148001,https://api.ziyonet.uz/uploads/books/10005547/sZZ3jO7AFCMY6uZ.pdf,Maqola,Oliy o‘quv yurtidan keyingi ta‘lim,5,0.0,18.07.2026
148000,Harbiy haydovchilarni kasbiy tayyorgarligini takomillashtirishda piyodalar bilan bog'liq yo'l-transport hodisalarini kamaytirishga,Sharipov Doston Hasan o'g'li,Tabiiy-ilmiy,"Keyingi yillarda mamlakatimizda yo'l harakati xavfsizligini ta'minlash tizimini takomillashtirish sohasida muayyan ishlar amalga oshirilmoqda. Lekin shunga qaramay, yo'l-transport hodisalar soni hali ham yuqoriligicha qolyapti.",O'zbek,2026,https://api.ziyonet.uz/images/default/default_cover.png,https://library.ziyonet.uz/book/148000,https://api.ziyonet.uz/uploads/books/10005547/lFc9zioQMn2kcor.pdf,Maqola,Oliy ta‘lim,5,0.0,18.07.2026
147999,Harbiy haydovchilarni ekstremal vaziyatlarga tayyorlashda maxsus qurilmalar va trenajyorlardan foydalanishning chet el tajribalari,Sharipov D. H.,Tabiiy-ilmiy,"Dunyoda globallashuv jarayonlarining jadallashuvi, davlatlararo (Rossiya-Ukraina, Isroil-Falastin, Suriya, Iroq, Afg'oniston va boshqalar) yuz berayotgan mojarolar va qurolli to'qnashuvlar, shuninjek, terrorizm hamda diniy ekstremizm harakatlarini tahlil qiladigan bo'lsak, jangovar harakatlar taktikasi va ko'rinishlari kun sayin o'zgarib bormoda.",O'zbek,2026,https://api.ziyonet.uz/images/default/default_cover.png,https://library.ziyonet.uz/book/147999,https://api.ziyonet.uz/uploads/books/10005547/pIf8iGP4yOKAexJ.pdf,Maqola,Oliy o‘quv yurtidan keyingi ta‘lim,5,0.0,18.07.2026
147998,Qurolli kuchlarda mavjud zirxli texnikalarni modernizasiyalash tahlili,Sharipov D.H,Tabiiy-ilmiy,Hozirgi kunda ham SSSR davrida ishlab chiqarilgan ushbu harbiy texnikalarda belgilangan texnik xizmatlar va ta'mir o'tkazish hamda modernizasiyalash hisobiga ulardan samarali foydalanib kelinmoqda.,O'zbek,2026,https://api.ziyonet.uz/images/default/default_cover.png,https://library.ziyonet.uz/book/147998,https://api.ziyonet.uz/uploads/books/10005547/oSwKg4De6gOKXRn.pdf,Maqola,Oliy ta‘lim,5,0.0,18.07.2026
147997,Oʻzbekistonda harbiy haydovchilarni kasbiy tayyorgarligining tarixiy asoslari,Sharipov D.H,Tabiiy-ilmiy,"Mazkur maqolada O'zbekiston hududida harbiy haydovchilar kasbiy tayyorgarligining tarixiy asoslari ilmiy jihatdan tahlil qilinadi. Unda qadimgi saklar, skiflar va massagetlar davridagi otliq jangchilar tayyorgarligi, ularning jismoniy, ruhiy va taktik mashg'ulotlari harbiy harakatlar samaradorligidagi o'rni ochib beriladi.",O'zbek,2026,https://api.ziyonet.uz/images/default/default_cover.png,https://library.ziyonet.uz/book/147997,https://api.ziyonet.uz/uploads/books/10005547/tAxPMDebZS9e0X4.pdf,Maqola,Oliy ta‘lim,5,0.0,18.07.2026
147996,Harbiy haydovchilarning ekstremal vaziyatlarda kasbiy tayyorligini oshirishning innovatsion mexanizmlari,Sharipov Doston Hasan o'g'li,Tabiiy-ilmiy,"Mazkur maqolada harbiy haydovchilarning ekstremal vaziyatlarda kasbiy tayyorgarligini oshirishning ilg'or xorijiy tajriba asosidagi innovatsion mexanizmlari tahlil qilingan. AQSh, Germaniya, Koreya va Isroil tajribalari asosida metodik yondashuvlar, simulyatorlar, psixologik tayyorgarlik tizimlari va avtomatlashtirilgan boshqaruv texnologiyalari yoritilgan.",O'zbek,2026,https://api.ziyonet.uz/images/default/default_cover.png,https://library.ziyonet.uz/book/147996,https://api.ziyonet.uz/uploads/books/10005547/C4PrS0W5FlOcKIW.pdf,Maqola,Oliy ta‘lim,5,0.0,18.07.2026
147995,Harbiy haydovchilarni xizmat faoliyatlari davomida yo'l-transport hodisalarini kamaytirishga yo'naltirilgan maxsus mashqlar,Sharipov Doston Hasan o'g'li,Tabiiy-ilmiy,"Ushbu maqolada harbiy haydovchilarni xizmat vazifalarini ijro etish vaqtida yuzaga kelishi mumkin bo'lgan ekstremal vaziyatlar tahlil etilib, ushbu vaziyatlarda ehtimoliy yo'l-transport hodisalarini kamaytirishga yo'naltirilgan maxsus mashqlar haqida ma'lumotlar keltirilgan.",O'zbek,2026,https://api.ziyonet.uz/images/default/default_cover.png,https://library.ziyonet.uz/book/147995,https://api.ziyonet.uz/uploads/books/10005547/teTn2VhWqalZXY7.pdf,Maqola,Oliy ta‘lim,5,0.0,18.07.2026
147994,Namangan viloyati ziyoratgohlari va muqaddas qadamjolari tarixi,Mamatov Jasurbek Qodirqul o'g'li,Filologiya,"Tadqiqotning maqsadi Namangan viloyati ziyoratgohlari va muqaddas qadamjolari tarixi, ular bilan bog'liq urf-odat hamda marosimlarning etnohududiy xususiyatlarini ochib berishdan iborat.",O'zbek,2026,https://api.ziyonet.uz/images/default/default_cover.png,https://library.ziyonet.uz/book/147994,https://api.ziyonet.uz/uploads/books/10005546/VgCK8VcAoxjYlrD.pdf,Avtoreferat,Oliy o‘quv yurtidan keyingi ta‘lim,52,0.0,18.07.2026
147993,Oʻzbek tilining izohli lugʻatida tarixga oid terminlar talqini,Abduqahhorova Xosiyat Abdurasul qizi,Filologiya,"Tadqiqotning  maqsadi  tarixga  oid  terminlarning  “Oʻzbek  tilining  izohli lugʻati”  (2,  5  va  6  jildli)da  berilishini  izohlash,  ularning  etimologik  va  semantik tavsifini  takomillashtirish  hamda  terminlarni  oʻquv  lugʻatlarida  aks  ettirish tamoyillarini belgilashdan iborat.",O'zbek,2026,https://api.ziyonet.uz/images/default/default_cover.png,https://library.ziyonet.uz/book/147993,https://api.ziyonet.uz/uploads/books/10005546/VvnF6YUcTiGrTdr.pdf,Avtoreferat,Oliy o‘quv yurtidan keyingi ta‘lim,52,0.0,18.07.2026
147992,Gospital ta’limda matematika fanini o‘qitishning samarali usullari,Yusupjanova Shaxnoz Mirzatillayevna,Pedagogika,Ushbu maqolada gospital ta’limda matematika fanini o‘qitishning samarali metodlari va o‘quvchilarning mantiqiy fikrlash qobiliyatlarini shakllashtirish haqida so‘z boradi.,O'zbek,2025,https://api.ziyonet.uz/images/default/default_cover.png,https://library.ziyonet.uz/book/147992,https://api.ziyonet.uz/uploads/books/10010475/mcIYs8f25WrMWrZ.pdf,Maqola,Oliy ta‘lim,3,0.0,18.07.2026
147991,Maktab yoshidagi bolalarni uzoq muddat davolanish davrida ta’limga jalb qilishda fanlarga qiziqtirish,Yusupjanova Shaxnoz Mirzatillayevna,Pedagogika,"Onkologik va gematologik kasalliklar bilan davolanayotgan o‘quvchilarning ta’lim jarayonida duch keladigan qiyinchiliklari, ularning o‘ziga bo‘lgan ishonchini pasaytirishi, ijtimoiy izolyatsiya va ruhiy holatiga ta’sir ko‘rsatishi mumkin. Ushbu maqolada, bundayo‘quvchilarning ta’lim jarayonidagi muammolari, ehtiyojlari va zamonaviy pedagogik yondashuvlar ko‘rib chiqiladi. Ushbu kasalliklar nafaqat jismoniy sog‘liqni, balki bolalarning psixologik va ijtimoiy rivojlanishiga ham salbiy ta’sir ko‘rsatadi.",O'zbek,2025,https://api.ziyonet.uz/images/default/default_cover.png,https://library.ziyonet.uz/book/147991,https://api.ziyonet.uz/uploads/books/10010475/dY1iOrsEeFAU69B.pdf,Maqola,Oliy ta‘lim,5,0.0,18.07.2026
147990,Gospital maktab o‘quvchilariga milliy-axloqiy qadriyatlar tushunchalarini singdirish,Yusupjanova Shaxnoz Mirzatillayevna,Pedagogika,"Ushbu maqolada gospital maktab o‘quvchilarining milliy-axloqiy qadriyatlar asosida tarbiyalanishi va axloqiy fazilatlarning shakllanishi tahlil qilinadi. Tarbiya jarayonida oila, maktab va jamiyatning roli ko‘rib chiqiladi.",O'zbek,2025,https://api.ziyonet.uz/images/default/default_cover.png,https://library.ziyonet.uz/book/147990,https://api.ziyonet.uz/uploads/books/10010475/7AC11i72gmi3vg5.pdf,Maqola,Oliy ta‘lim,4,0.0,18.07.2026
147989,O‘zbekistonda gospital pedagogika “mehrli maktab” faoliyatida,Yusupjanova Shaxnoz Mirzatillayevna,Pedagogika,"Ushbu maqola gospital pedagogika sohasiga oid manba va adabiyotlarni chuqur o‘rganish va tahlil qilish natijasida olingan bilimlar asosida “Mehrli maktab” va unda ta’lim oluvchi o‘quvchilar jamoasi haqida, jumladan, bugungi kunda O‘zbekiston Respublikasi hududida tashkil etilgan “Mehrli maktab”ning faoliyati, bu muassasada ta’lim olayotgan o‘quvchilarning qiziqishlari, fanlarga bo‘lgan munosabati hamda qiziqishlarini mavjud holatidan yana yuqoriroq natijaga chiqarish bo‘yicha amaliy harakatlar xususida bayon qilinadi",O'zbek,2024,https://api.ziyonet.uz/images/default/default_cover.png,https://library.ziyonet.uz/book/147989,https://api.ziyonet.uz/uploads/books/10010475/b9hkEe3Lmm7sUOG.pdf,Maqola,Oliy ta‘lim,6,0.0,18.07.2026
147988,Kiberjinoyatlarga oid ishni sudga qadar yuritishda raqamli dalillardan foydalanish imkoniyatlari va istiqbollari,Badalboyev Feruz Yusufovich,Yuridik fanlar,"Tadqiqotning  maqsadi  – kiberjinoyatlarga oid ishlar bo‘yicha sudga qadar  ish yurituv  jarayonida  raqamli  dalillardan  foydalanishning  mavjud  tashkiliy-huquqiy  va protsessual  mexanizmlarini  kompleks  tahlil  qilish,  ularning  samaradorligini  baholash hamda  mazkur  sohadagi  muammolarni  aniqlash  asosida  ushbu  faoliyatni takomillashtirishga qaratilgan ilmiy-nazariy  xulosalar, shuningdek, amaliy ahamiyatga ega taklif va tavsiyalar ishlab chiqishdan iborat.",O'zbek,2026,https://api.ziyonet.uz/images/default/default_cover.png,https://library.ziyonet.uz/book/147988,https://api.ziyonet.uz/uploads/books/10005546/AJcnxDcZ85lnBsF.pdf,Avtoreferat,Oliy o‘quv yurtidan keyingi ta‘lim,52,0.0,18.07.2026
147987,Mintaqa iqtisodiyotini barqaror rivojlantirishda resurs salohiyatidan foydalanish metodologiyasini takomillashtirish (Surxondaryo viloyati misolida),Sattarov Abdisamat Umirqulovich,Iqtisod va boshqaruv,Tadqiqotning maqsadi mintaqa iqtisodiyotini barqaror rivojlantirishda resurs salohiyatidan foydalanish metodologiyasini takomillashtirish yuzasidan ilmiy taklif va amaliy tavsiyalar ishlab chiqishdan iborat.,O'zbek,2026,https://api.ziyonet.uz/images/default/default_cover.png,https://library.ziyonet.uz/book/147987,https://api.ziyonet.uz/uploads/books/10005546/SSoze25lig9XJZL.pdf,Avtoreferat,Oliy o‘quv yurtidan keyingi ta‘lim,52,0.0,18.07.2026
147986,Hududlar ijtimoiy-iqtisodiy rivojlanishidagi nomutanosibliklarni ekonometrik tadqiq etish,Madaminov Sardorbek Kadamovich,Iqtisod va boshqaruv,Tadqiqotning  maqsadi  hududlarni  ijtimoiy-iqtisodiy  rivojlanishidagi nomutanosibliklarni  ekonometrik  baholash  bo‘yicha  ilmiy  taklif  va  amaliy tavsiyalarni ishlab chiqishdan iborat.,O'zbek,2026,https://api.ziyonet.uz/images/default/default_cover.png,https://library.ziyonet.uz/book/147986,https://api.ziyonet.uz/uploads/books/10005546/ya00tsmjv2cErRb.pdf,Avtoreferat,Oliy o‘quv yurtidan keyingi ta‘lim,52,0.0,18.07.2026
147985,Orolbo‘yi xududida yashovchi axoli orasida buyrak usti bezi o‘smalarining patomorfologik jixatlari.,"Madaminov F.A., Yuldashev B.S., Karimov R.X.",Tibbiyot va farmasevtika,"Dunyo axolisida  buyrak usti bezining barcha o‘smalari 63,3% ni xavfsiz o‘smalar tashkil etib, shulardan 36,8%ni, buyrak usti bezi po‘stloq soxasi adrenokortikal adenomalar tashkl etadi. Buyrak usti bezi po‘stloq soxasi xavfsiz o‘smalari epidemiologiyasi bo‘yicha, AQSH davlati 45-59 yoshlilar orasida ayollarda yuqori ko‘rsatichda aniqlanib, xavfsiz gormonal nafol o‘smalarning 53,2% autopsiya amaliyotida aniqlanadi. Bu esa o‘z navbatida  megapolis shaxardlarda  doimiy ravishda stressor omillarni yuqori darajada rivojlanganligi va ishtimoiy jixatdan keng tarqalganligini anglatadi. Yevropa davlatlari va Buyu Britaniyada buyrak usti bezi xavfsiz o‘smalari bo‘yicha  45-59 yoshli ayollar orasida semirish bilan bog‘liq bo‘lgan barcha xolatlarda, qo‘shimcha tekshiruvlarda to‘satdan aniqlanib, bemorlarda  doimiy ravishda  qon bosimini yuqori bo‘lishi bilan namoyon bo‘ladi.",O'zbek,2026,https://api.ziyonet.uz/images/default/default_cover.png,https://library.ziyonet.uz/book/147985,https://api.ziyonet.uz/uploads/books/10003764/HfjwTxN4rv4Wi9l.pdf,Tavsiyalar,Oliy o‘quv yurtidan keyingi ta‘lim,29,0.0,18.07.2026
147984,"Шўрланган тупроқ шароитида амалий селекция учун ғўзанинг эртапишар, серҳосил ва юқори тола чиқимига эга бошланғич ашёсини яратиш",АЧИЛОВ САНЖАР ГЕЛДИЯРОВИЧ,Qishloq xo’jaligi,"Беккросс чатиштириш усули орқали олинган генетик жиҳатдан бойитилган дурагайлар асосида, эртапишар, серҳосил, йирик кўсакли, юқори тола чиқими ва сифатига эга бўлган шўрга бардошли бошланғич ашёлар яратиш.",Rus,2026,https://api.ziyonet.uz/uploads/books/10008022/z2Hbn4V6toLw76s.jpg,https://library.ziyonet.uz/book/147984,https://api.ziyonet.uz/uploads/books/10008022/BnY3Y3RUOS7iR8N.pdf,Avtoreferat,Oliy o‘quv yurtidan keyingi ta‘lim,46,0.0,18.07.2026
147983,Ingliz va o‘zbek tillarida somatik komponentli frazeologik birliklarning chog‘ishtirma tadqiq.,Nazarova Ziyoda Kattayevna,Filologiya,"Tadqiqotning maqsadi.Ingliz va o‘zbek tillaridagi somatik komponentga ega 
frazeologik birliklarning leksik-semantik, mavzuiy tasnifi jihatlarini chog‘ishtirish 
hamda ularning tillararo o‘zaro aloqalarini, o‘xshashlik va farqlarini aniqlash orqali 
ikki til frazeologiyasining umumiy va o‘ziga xos xususiyatlarini yoritish.",O'zbek,2026,https://api.ziyonet.uz/images/default/default_cover.png,https://library.ziyonet.uz/book/147983,https://api.ziyonet.uz/uploads/books/10005547/ncLSH34Hbvl4fto.pdf,Avtoreferat,Oliy o‘quv yurtidan keyingi ta‘lim,52,0.0,18.07.2026
